day,week,weekly_theme,main_reading,companion,make_it_real_prompt
1,1,Meet Jesus — who He really is,John 1-2,Psalms 1,"Where in your real, everyday life does today's reading actually touch down?"
2,1,Meet Jesus — who He really is,John 3-4,Re-read your favorite verse from this week and sit with it,What's one thing God might be inviting you to do differently this week?
3,1,Meet Jesus — who He really is,John 5-6,Psalms 2,"If a friend who's never read the Bible asked what this means, how would you say it simply?"
4,1,Meet Jesus — who He really is,John 7-8,Re-read your favorite verse from this week and sit with it,What does this show you about who God is — and who you are to Him?
5,1,Meet Jesus — who He really is,John 9-10,Psalms 3,Where do you need grace today instead of trying to earn it?
6,1,Meet Jesus — who He really is,John 11-12,Re-read your favorite verse from this week and sit with it,"What's one small, doable step you can take today because of what you read?"
7,1,Meet Jesus — who He really is,John 13-14,Psalms 4,What feeling or fear does this passage speak to right now?
8,2,Meet Jesus — who He really is,John 15-16,Re-read your favorite verse from this week and sit with it,Who in your life needs the encouragement this passage gave you?
9,2,Meet Jesus — who He really is,John 17-18,Psalms 5,What would change if you actually believed this today?
10,2,Meet Jesus — who He really is,John 19-20,Re-read your favorite verse from this week and sit with it,Where is God asking for your trust in something you can't control?
11,2,Meet Jesus — who He really is,"John 21, Romans 1",Proverbs 1,What habit or mindset is this passage gently challenging?
12,2,Meet Jesus — who He really is,Romans 2-3,Re-read your favorite verse from this week and sit with it,How can you carry one verse from today into a real moment this week?
13,2,Meet Jesus — who He really is,Romans 4-5,Psalms 6,What does honest prayer about this look like for you today?
14,2,Meet Jesus — who He really is,Romans 6-7,Re-read your favorite verse from this week and sit with it,Where have you seen this truth show up in your own story?
15,3,The gospel explained: grace over performance,Romans 8-9,Psalms 7,What's the invitation here — and what's holding you back from saying yes?
16,3,The gospel explained: grace over performance,Romans 10-12,Re-read your favorite verse from this week and sit with it,"Where in your real, everyday life does today's reading actually touch down?"
17,3,The gospel explained: grace over performance,Romans 13-15,Psalms 8,What's one thing God might be inviting you to do differently this week?
18,3,The gospel explained: grace over performance,"Romans 16, Mark 1-2",Re-read your favorite verse from this week and sit with it,"If a friend who's never read the Bible asked what this means, how would you say it simply?"
19,3,The gospel explained: grace over performance,Mark 3-4,Psalms 9,What does this show you about who God is — and who you are to Him?
20,3,The gospel explained: grace over performance,Mark 5-7,Re-read your favorite verse from this week and sit with it,Where do you need grace today instead of trying to earn it?
21,3,The gospel explained: grace over performance,Mark 8-10,Psalms 10,"What's one small, doable step you can take today because of what you read?"
22,4,"The church, the Spirit, faith lived out loud",Mark 11-13,Re-read your favorite verse from this week and sit with it,What feeling or fear does this passage speak to right now?
23,4,"The church, the Spirit, faith lived out loud",Mark 14-16,Proverbs 2,Who in your life needs the encouragement this passage gave you?
24,4,"The church, the Spirit, faith lived out loud",Acts 1-2,Re-read your favorite verse from this week and sit with it,What would change if you actually believed this today?
25,4,"The church, the Spirit, faith lived out loud",Acts 3-5,Psalms 11,Where is God asking for your trust in something you can't control?
26,4,"The church, the Spirit, faith lived out loud",Acts 6-8,Re-read your favorite verse from this week and sit with it,What habit or mindset is this passage gently challenging?
27,4,"The church, the Spirit, faith lived out loud",Acts 9-11,Psalms 12,How can you carry one verse from today into a real moment this week?
28,4,"The church, the Spirit, faith lived out loud",Acts 12-14,Re-read your favorite verse from this week and sit with it,What does honest prayer about this look like for you today?
29,5,"The church, the Spirit, faith lived out loud",Acts 15-16,Psalms 13,Where have you seen this truth show up in your own story?
30,5,"The church, the Spirit, faith lived out loud",Acts 17-19,Re-read your favorite verse from this week and sit with it,What's the invitation here — and what's holding you back from saying yes?
31,5,"The church, the Spirit, faith lived out loud",Acts 20-22,Psalms 14,"Where in your real, everyday life does today's reading actually touch down?"
32,5,"The church, the Spirit, faith lived out loud",Acts 23-25,Re-read your favorite verse from this week and sit with it,What's one thing God might be inviting you to do differently this week?
33,5,"The church, the Spirit, faith lived out loud",Acts 26-28,Psalms 15,"If a friend who's never read the Bible asked what this means, how would you say it simply?"
34,5,"The church, the Spirit, faith lived out loud",Matthew 1-2,Re-read your favorite verse from this week and sit with it,What does this show you about who God is — and who you are to Him?
35,5,"The church, the Spirit, faith lived out loud",Matthew 3-5,Proverbs 3,Where do you need grace today instead of trying to earn it?
36,6,Jesus the promised King and His kingdom,Matthew 6-8,Re-read your favorite verse from this week and sit with it,"What's one small, doable step you can take today because of what you read?"
37,6,Jesus the promised King and His kingdom,Matthew 9-11,Psalms 16,What feeling or fear does this passage speak to right now?
38,6,Jesus the promised King and His kingdom,Matthew 12-14,Re-read your favorite verse from this week and sit with it,Who in your life needs the encouragement this passage gave you?
39,6,Jesus the promised King and His kingdom,Matthew 15-16,Psalms 17,What would change if you actually believed this today?
40,6,Jesus the promised King and His kingdom,Matthew 17-19,Re-read your favorite verse from this week and sit with it,Where is God asking for your trust in something you can't control?
41,6,Jesus the promised King and His kingdom,Matthew 20-22,Psalms 18,What habit or mindset is this passage gently challenging?
42,6,Jesus the promised King and His kingdom,Matthew 23-25,Re-read your favorite verse from this week and sit with it,How can you carry one verse from today into a real moment this week?
43,7,Jesus for the outsider and overlooked,Matthew 26-27,Psalms 19,What does honest prayer about this look like for you today?
44,7,Jesus for the outsider and overlooked,"Matthew 28, Luke 1-2",Re-read your favorite verse from this week and sit with it,Where have you seen this truth show up in your own story?
45,7,Jesus for the outsider and overlooked,Luke 3-5,Psalms 20,What's the invitation here — and what's holding you back from saying yes?
46,7,Jesus for the outsider and overlooked,Luke 6-8,Re-read your favorite verse from this week and sit with it,"Where in your real, everyday life does today's reading actually touch down?"
47,7,Jesus for the outsider and overlooked,Luke 9-11,Proverbs 4,What's one thing God might be inviting you to do differently this week?
48,7,Jesus for the outsider and overlooked,Luke 12-13,Re-read your favorite verse from this week and sit with it,"If a friend who's never read the Bible asked what this means, how would you say it simply?"
49,7,Jesus for the outsider and overlooked,Luke 14-16,Psalms 21,What does this show you about who God is — and who you are to Him?
50,8,Real faith in a messy community,Luke 17-19,Re-read your favorite verse from this week and sit with it,Where do you need grace today instead of trying to earn it?
51,8,Real faith in a messy community,Luke 20-22,Psalms 22,"What's one small, doable step you can take today because of what you read?"
52,8,Real faith in a messy community,"Luke 23-24, 1 Corinthians 1",Re-read your favorite verse from this week and sit with it,What feeling or fear does this passage speak to right now?
53,8,Real faith in a messy community,1 Corinthians 2-3,Psalms 23,Who in your life needs the encouragement this passage gave you?
54,8,Real faith in a messy community,1 Corinthians 4-6,Re-read your favorite verse from this week and sit with it,What would change if you actually believed this today?
55,8,Real faith in a messy community,1 Corinthians 7-9,Psalms 24,Where is God asking for your trust in something you can't control?
56,8,Real faith in a messy community,1 Corinthians 10-12,Re-read your favorite verse from this week and sit with it,What habit or mindset is this passage gently challenging?
57,9,Strength in weakness,1 Corinthians 13-15,Psalms 25,How can you carry one verse from today into a real moment this week?
58,9,Strength in weakness,"1 Corinthians 16, 2 Corinthians 1",Re-read your favorite verse from this week and sit with it,What does honest prayer about this look like for you today?
59,9,Strength in weakness,2 Corinthians 2-4,Proverbs 5,Where have you seen this truth show up in your own story?
60,9,Strength in weakness,2 Corinthians 5-7,Re-read your favorite verse from this week and sit with it,What's the invitation here — and what's holding you back from saying yes?
61,9,Strength in weakness,2 Corinthians 8-10,Psalms 26,"Where in your real, everyday life does today's reading actually touch down?"
62,9,Strength in weakness,2 Corinthians 11-13,Re-read your favorite verse from this week and sit with it,What's one thing God might be inviting you to do differently this week?
63,9,Strength in weakness,Galatians 1-2,Psalms 27,"If a friend who's never read the Bible asked what this means, how would you say it simply?"
64,10,Christ is enough,Galatians 3-5,Re-read your favorite verse from this week and sit with it,What does this show you about who God is — and who you are to Him?
65,10,Christ is enough,"Galatians 6, Ephesians 1-2",Psalms 28,Where do you need grace today instead of trying to earn it?
66,10,Christ is enough,Ephesians 3-5,Re-read your favorite verse from this week and sit with it,"What's one small, doable step you can take today because of what you read?"
67,10,Christ is enough,"Ephesians 6, Philippians 1",Psalms 29,What feeling or fear does this passage speak to right now?
68,10,Christ is enough,Philippians 2-4,Re-read your favorite verse from this week and sit with it,Who in your life needs the encouragement this passage gave you?
69,10,Christ is enough,Colossians 1-3,Psalms 30,What would change if you actually believed this today?
70,10,Christ is enough,"Colossians 4, 1 Thessalonians 1-2",Re-read your favorite verse from this week and sit with it,Where is God asking for your trust in something you can't control?
71,11,Leading and living with integrity,1 Thessalonians 3-5,Proverbs 6,What habit or mindset is this passage gently challenging?
72,11,Leading and living with integrity,2 Thessalonians 1-2,Re-read your favorite verse from this week and sit with it,How can you carry one verse from today into a real moment this week?
73,11,Leading and living with integrity,"2 Thessalonians 3, 1 Timothy 1-2",Psalms 31,What does honest prayer about this look like for you today?
74,11,Leading and living with integrity,1 Timothy 3-5,Re-read your favorite verse from this week and sit with it,Where have you seen this truth show up in your own story?
75,11,Leading and living with integrity,"1 Timothy 6, 2 Timothy 1-2",Psalms 32,What's the invitation here — and what's holding you back from saying yes?
76,11,Leading and living with integrity,"2 Timothy 3-4, Titus 1",Re-read your favorite verse from this week and sit with it,"Where in your real, everyday life does today's reading actually touch down?"
77,11,Leading and living with integrity,Titus 2-3,Psalms 33,What's one thing God might be inviting you to do differently this week?
78,12,"Jesus, better than anything","Philemon 1, Hebrews 1-2",Re-read your favorite verse from this week and sit with it,"If a friend who's never read the Bible asked what this means, how would you say it simply?"
79,12,"Jesus, better than anything",Hebrews 3-5,Psalms 34,What does this show you about who God is — and who you are to Him?
80,12,"Jesus, better than anything",Hebrews 6-8,Re-read your favorite verse from this week and sit with it,Where do you need grace today instead of trying to earn it?
81,12,"Jesus, better than anything",Hebrews 9-11,Psalms 35,"What's one small, doable step you can take today because of what you read?"
82,12,"Jesus, better than anything",Hebrews 12-13,Re-read your favorite verse from this week and sit with it,What feeling or fear does this passage speak to right now?
83,12,"Jesus, better than anything",James 1-3,Proverbs 7,Who in your life needs the encouragement this passage gave you?
84,12,"Jesus, better than anything","James 4-5, 1 Peter 1",Re-read your favorite verse from this week and sit with it,What would change if you actually believed this today?
85,13,Walking in love and assurance,1 Peter 2-4,Psalms 36,Where is God asking for your trust in something you can't control?
86,13,Walking in love and assurance,"1 Peter 5, 2 Peter 1-2",Re-read your favorite verse from this week and sit with it,What habit or mindset is this passage gently challenging?
87,13,Walking in love and assurance,"2 Peter 3, 1 John 1",Psalms 37,How can you carry one verse from today into a real moment this week?
88,13,Walking in love and assurance,1 John 2-4,Re-read your favorite verse from this week and sit with it,What does honest prayer about this look like for you today?
89,13,Walking in love and assurance,"1 John 5, 2 John 1, 3 John 1",Psalms 38,Where have you seen this truth show up in your own story?
90,13,Walking in love and assurance,"Jude 1, Revelation 1-2",Re-read your favorite verse from this week and sit with it,What's the invitation here — and what's holding you back from saying yes?
91,13,Walking in love and assurance,Revelation 3-4,Psalms 39,"Where in your real, everyday life does today's reading actually touch down?"
92,14,How the story ends — Jesus wins,Revelation 5-7,Re-read your favorite verse from this week and sit with it,What's one thing God might be inviting you to do differently this week?
93,14,How the story ends — Jesus wins,Revelation 8-10,Psalms 40,"If a friend who's never read the Bible asked what this means, how would you say it simply?"
94,14,How the story ends — Jesus wins,Revelation 11-13,Re-read your favorite verse from this week and sit with it,What does this show you about who God is — and who you are to Him?
95,14,How the story ends — Jesus wins,Revelation 14-16,Proverbs 8,Where do you need grace today instead of trying to earn it?
96,14,How the story ends — Jesus wins,Revelation 17-18,Re-read your favorite verse from this week and sit with it,"What's one small, doable step you can take today because of what you read?"
97,14,How the story ends — Jesus wins,Revelation 19-21,Psalms 41,What feeling or fear does this passage speak to right now?
98,14,How the story ends — Jesus wins,"Revelation 22, Genesis 1-2",Re-read your favorite verse from this week and sit with it,Who in your life needs the encouragement this passage gave you?
99,15,"Beginnings: creation, fall, promise",Genesis 3-5,Psalms 42,What would change if you actually believed this today?
100,15,"Beginnings: creation, fall, promise",Genesis 6-8,Re-read your favorite verse from this week and sit with it,Where is God asking for your trust in something you can't control?
101,15,"Beginnings: creation, fall, promise",Genesis 9-10,Psalms 43,What habit or mindset is this passage gently challenging?
102,15,"Beginnings: creation, fall, promise",Genesis 11-13,Re-read your favorite verse from this week and sit with it,How can you carry one verse from today into a real moment this week?
103,15,"Beginnings: creation, fall, promise",Genesis 14-16,Psalms 44,What does honest prayer about this look like for you today?
104,15,"Beginnings: creation, fall, promise",Genesis 17-19,Re-read your favorite verse from this week and sit with it,Where have you seen this truth show up in your own story?
105,15,"Beginnings: creation, fall, promise",Genesis 20-22,Psalms 45,What's the invitation here — and what's holding you back from saying yes?
106,16,"Beginnings: creation, fall, promise",Genesis 23-24,Re-read your favorite verse from this week and sit with it,"Where in your real, everyday life does today's reading actually touch down?"
107,16,"Beginnings: creation, fall, promise",Genesis 25-27,Proverbs 9,What's one thing God might be inviting you to do differently this week?
108,16,"Beginnings: creation, fall, promise",Genesis 28-30,Re-read your favorite verse from this week and sit with it,"If a friend who's never read the Bible asked what this means, how would you say it simply?"
109,16,"Beginnings: creation, fall, promise",Genesis 31-33,Psalms 46,What does this show you about who God is — and who you are to Him?
110,16,"Beginnings: creation, fall, promise",Genesis 34-36,Re-read your favorite verse from this week and sit with it,Where do you need grace today instead of trying to earn it?
111,16,"Beginnings: creation, fall, promise",Genesis 37-38,Psalms 47,"What's one small, doable step you can take today because of what you read?"
112,16,"Beginnings: creation, fall, promise",Genesis 39-41,Re-read your favorite verse from this week and sit with it,What feeling or fear does this passage speak to right now?
113,17,"Beginnings: creation, fall, promise",Genesis 42-44,Psalms 48,Who in your life needs the encouragement this passage gave you?
114,17,"Beginnings: creation, fall, promise",Genesis 45-47,Re-read your favorite verse from this week and sit with it,What would change if you actually believed this today?
115,17,"Beginnings: creation, fall, promise",Genesis 48-49,Psalms 49,Where is God asking for your trust in something you can't control?
116,17,"Beginnings: creation, fall, promise","Genesis 50, Exodus 1-2",Re-read your favorite verse from this week and sit with it,What habit or mindset is this passage gently challenging?
117,17,"Beginnings: creation, fall, promise",Exodus 3-5,Psalms 50,How can you carry one verse from today into a real moment this week?
118,17,"Beginnings: creation, fall, promise",Exodus 6-8,Re-read your favorite verse from this week and sit with it,What does honest prayer about this look like for you today?
119,17,"Beginnings: creation, fall, promise",Exodus 9-11,Proverbs 10,Where have you seen this truth show up in your own story?
120,18,Rescue and a God who delivers,Exodus 12-13,Re-read your favorite verse from this week and sit with it,What's the invitation here — and what's holding you back from saying yes?
121,18,Rescue and a God who delivers,Exodus 14-16,Psalms 51,"Where in your real, everyday life does today's reading actually touch down?"
122,18,Rescue and a God who delivers,Exodus 17-19,Re-read your favorite verse from this week and sit with it,What's one thing God might be inviting you to do differently this week?
123,18,Rescue and a God who delivers,Exodus 20-22,Re-read your favorite verse from this week and sit with it,"If a friend who's never read the Bible asked what this means, how would you say it simply?"
124,18,Rescue and a God who delivers,Exodus 23-25,Psalms 52,What does this show you about who God is — and who you are to Him?
125,18,Rescue and a God who delivers,Exodus 26-27,Re-read your favorite verse from this week and sit with it,Where do you need grace today instead of trying to earn it?
126,18,Rescue and a God who delivers,Exodus 28-30,Psalms 53,"What's one small, doable step you can take today because of what you read?"
127,19,Rescue and a God who delivers,Exodus 31-33,Re-read your favorite verse from this week and sit with it,What feeling or fear does this passage speak to right now?
128,19,Rescue and a God who delivers,Exodus 34-36,Psalms 54,Who in your life needs the encouragement this passage gave you?
129,19,Rescue and a God who delivers,Exodus 37-39,Re-read your favorite verse from this week and sit with it,What would change if you actually believed this today?
130,19,Rescue and a God who delivers,"Exodus 40, Leviticus 1",Psalms 55,Where is God asking for your trust in something you can't control?
131,19,Rescue and a God who delivers,Leviticus 2-4,Re-read your favorite verse from this week and sit with it,What habit or mindset is this passage gently challenging?
132,19,Rescue and a God who delivers,Leviticus 5-7,Proverbs 11,How can you carry one verse from today into a real moment this week?
133,19,Rescue and a God who delivers,Leviticus 8-10,Re-read your favorite verse from this week and sit with it,What does honest prayer about this look like for you today?
134,20,A holy God making a way to be near,Leviticus 11-13,Psalms 56,Where have you seen this truth show up in your own story?
135,20,A holy God making a way to be near,Leviticus 14-15,Re-read your favorite verse from this week and sit with it,What's the invitation here — and what's holding you back from saying yes?
136,20,A holy God making a way to be near,Leviticus 16-18,Psalms 57,"Where in your real, everyday life does today's reading actually touch down?"
137,20,A holy God making a way to be near,Leviticus 19-21,Re-read your favorite verse from this week and sit with it,What's one thing God might be inviting you to do differently this week?
138,20,A holy God making a way to be near,Leviticus 22-24,Psalms 58,"If a friend who's never read the Bible asked what this means, how would you say it simply?"
139,20,A holy God making a way to be near,Leviticus 25-27,Re-read your favorite verse from this week and sit with it,What does this show you about who God is — and who you are to Him?
140,20,A holy God making a way to be near,Numbers 1-2,Psalms 59,Where do you need grace today instead of trying to earn it?
141,21,Trusting God in the wilderness,Numbers 3-5,Re-read your favorite verse from this week and sit with it,"What's one small, doable step you can take today because of what you read?"
142,21,Trusting God in the wilderness,Numbers 6-8,Psalms 60,What feeling or fear does this passage speak to right now?
143,21,Trusting God in the wilderness,Numbers 9-11,Re-read your favorite verse from this week and sit with it,Who in your life needs the encouragement this passage gave you?
144,21,Trusting God in the wilderness,Numbers 12-13,Proverbs 12,What would change if you actually believed this today?
145,21,Trusting God in the wilderness,Numbers 14-16,Re-read your favorite verse from this week and sit with it,Where is God asking for your trust in something you can't control?
146,21,Trusting God in the wilderness,Numbers 17-19,Psalms 61,What habit or mindset is this passage gently challenging?
147,21,Trusting God in the wilderness,Numbers 20-22,Re-read your favorite verse from this week and sit with it,How can you carry one verse from today into a real moment this week?
148,22,Trusting God in the wilderness,Numbers 23-25,Psalms 62,What does honest prayer about this look like for you today?
149,22,Trusting God in the wilderness,Numbers 26-27,Re-read your favorite verse from this week and sit with it,Where have you seen this truth show up in your own story?
150,22,Trusting God in the wilderness,Numbers 28-30,Psalms 63,What's the invitation here — and what's holding you back from saying yes?
151,22,Trusting God in the wilderness,Numbers 31-33,Re-read your favorite verse from this week and sit with it,"Where in your real, everyday life does today's reading actually touch down?"
152,22,Trusting God in the wilderness,Numbers 34-36,Psalms 64,What's one thing God might be inviting you to do differently this week?
153,22,Trusting God in the wilderness,Deuteronomy 1-3,Re-read your favorite verse from this week and sit with it,"If a friend who's never read the Bible asked what this means, how would you say it simply?"
154,22,Trusting God in the wilderness,Deuteronomy 4-5,Psalms 65,What does this show you about who God is — and who you are to Him?
155,23,Remember and choose life,Deuteronomy 6-8,Re-read your favorite verse from this week and sit with it,Where do you need grace today instead of trying to earn it?
156,23,Remember and choose life,Deuteronomy 9-11,Proverbs 13,"What's one small, doable step you can take today because of what you read?"
157,23,Remember and choose life,Deuteronomy 12-14,Re-read your favorite verse from this week and sit with it,What feeling or fear does this passage speak to right now?
158,23,Remember and choose life,Deuteronomy 15-17,Psalms 66,Who in your life needs the encouragement this passage gave you?
159,23,Remember and choose life,Deuteronomy 18-19,Re-read your favorite verse from this week and sit with it,What would change if you actually believed this today?
160,23,Remember and choose life,Deuteronomy 20-22,Psalms 67,Where is God asking for your trust in something you can't control?
161,23,Remember and choose life,Deuteronomy 23-25,Re-read your favorite verse from this week and sit with it,What habit or mindset is this passage gently challenging?
162,24,Remember and choose life,Deuteronomy 26-28,Psalms 68,How can you carry one verse from today into a real moment this week?
163,24,Remember and choose life,Deuteronomy 29-31,Re-read your favorite verse from this week and sit with it,What does honest prayer about this look like for you today?
164,24,Remember and choose life,Deuteronomy 32-33,Psalms 69,Where have you seen this truth show up in your own story?
165,24,Remember and choose life,"Deuteronomy 34, Joshua 1-2",Re-read your favorite verse from this week and sit with it,What's the invitation here — and what's holding you back from saying yes?
166,24,Remember and choose life,Joshua 3-5,Psalms 70,"Where in your real, everyday life does today's reading actually touch down?"
167,24,Remember and choose life,Joshua 6-8,Re-read your favorite verse from this week and sit with it,What's one thing God might be inviting you to do differently this week?
168,24,Remember and choose life,Joshua 9-10,Proverbs 14,"If a friend who's never read the Bible asked what this means, how would you say it simply?"
169,25,Courage and God's faithfulness,Joshua 11-13,Re-read your favorite verse from this week and sit with it,What does this show you about who God is — and who you are to Him?
170,25,Courage and God's faithfulness,Joshua 14-16,Psalms 71,Where do you need grace today instead of trying to earn it?
171,25,Courage and God's faithfulness,Joshua 17-19,Re-read your favorite verse from this week and sit with it,"What's one small, doable step you can take today because of what you read?"
172,25,Courage and God's faithfulness,Joshua 20-22,Psalms 72,What feeling or fear does this passage speak to right now?
173,25,Courage and God's faithfulness,Joshua 23-24,Re-read your favorite verse from this week and sit with it,Who in your life needs the encouragement this passage gave you?
174,25,Courage and God's faithfulness,Judges 1-3,Psalms 73,What would change if you actually believed this today?
175,25,Courage and God's faithfulness,Judges 4-6,Re-read your favorite verse from this week and sit with it,Where is God asking for your trust in something you can't control?
176,26,What happens when we drift,Judges 7-9,Psalms 74,What habit or mindset is this passage gently challenging?
177,26,What happens when we drift,Judges 10-12,Re-read your favorite verse from this week and sit with it,How can you carry one verse from today into a real moment this week?
178,26,What happens when we drift,Judges 13-14,Psalms 75,What does honest prayer about this look like for you today?
179,26,What happens when we drift,Judges 15-17,Re-read your favorite verse from this week and sit with it,Where have you seen this truth show up in your own story?
180,26,What happens when we drift,Judges 18-20,Proverbs 15,What's the invitation here — and what's holding you back from saying yes?
181,26,What happens when we drift,"Judges 21, Ruth 1-2",Re-read your favorite verse from this week and sit with it,"Where in your real, everyday life does today's reading actually touch down?"
182,26,What happens when we drift,"Ruth 3-4, 1 Samuel 1",Psalms 76,What's one thing God might be inviting you to do differently this week?
183,27,God looks at the heart,1 Samuel 2-3,Re-read your favorite verse from this week and sit with it,"If a friend who's never read the Bible asked what this means, how would you say it simply?"
184,27,God looks at the heart,1 Samuel 4-6,Psalms 77,What does this show you about who God is — and who you are to Him?
185,27,God looks at the heart,1 Samuel 7-9,Re-read your favorite verse from this week and sit with it,Where do you need grace today instead of trying to earn it?
186,27,God looks at the heart,1 Samuel 10-12,Psalms 78,"What's one small, doable step you can take today because of what you read?"
187,27,God looks at the heart,1 Samuel 13-15,Re-read your favorite verse from this week and sit with it,What feeling or fear does this passage speak to right now?
188,27,God looks at the heart,1 Samuel 16-17,Psalms 79,Who in your life needs the encouragement this passage gave you?
189,27,God looks at the heart,1 Samuel 18-20,Re-read your favorite verse from this week and sit with it,What would change if you actually believed this today?
190,28,God looks at the heart,1 Samuel 21-23,Psalms 80,Where is God asking for your trust in something you can't control?
191,28,God looks at the heart,1 Samuel 24-26,Re-read your favorite verse from this week and sit with it,What habit or mindset is this passage gently challenging?
192,28,God looks at the heart,1 Samuel 27-28,Proverbs 16,How can you carry one verse from today into a real moment this week?
193,28,God looks at the heart,1 Samuel 29-31,Re-read your favorite verse from this week and sit with it,What does honest prayer about this look like for you today?
194,28,God looks at the heart,2 Samuel 1-3,Psalms 81,Where have you seen this truth show up in your own story?
195,28,God looks at the heart,2 Samuel 4-6,Re-read your favorite verse from this week and sit with it,What's the invitation here — and what's holding you back from saying yes?
196,28,God looks at the heart,2 Samuel 7-9,Psalms 82,"Where in your real, everyday life does today's reading actually touch down?"
197,29,A flawed king and God's mercy,2 Samuel 10-11,Re-read your favorite verse from this week and sit with it,What's one thing God might be inviting you to do differently this week?
198,29,A flawed king and God's mercy,2 Samuel 12-14,Psalms 83,"If a friend who's never read the Bible asked what this means, how would you say it simply?"
199,29,A flawed king and God's mercy,2 Samuel 15-17,Re-read your favorite verse from this week and sit with it,What does this show you about who God is — and who you are to Him?
200,29,A flawed king and God's mercy,2 Samuel 18-20,Psalms 84,Where do you need grace today instead of trying to earn it?
201,29,A flawed king and God's mercy,2 Samuel 21-23,Re-read your favorite verse from this week and sit with it,"What's one small, doable step you can take today because of what you read?"
202,29,A flawed king and God's mercy,"2 Samuel 24, 1 Kings 1",Psalms 85,What feeling or fear does this passage speak to right now?
203,29,A flawed king and God's mercy,1 Kings 2-4,Re-read your favorite verse from this week and sit with it,Who in your life needs the encouragement this passage gave you?
204,30,"Wisdom, wealth, and divided hearts",1 Kings 5-7,Proverbs 17,What would change if you actually believed this today?
205,30,"Wisdom, wealth, and divided hearts",1 Kings 8-10,Re-read your favorite verse from this week and sit with it,Where is God asking for your trust in something you can't control?
206,30,"Wisdom, wealth, and divided hearts",1 Kings 11-13,Psalms 86,What habit or mindset is this passage gently challenging?
207,30,"Wisdom, wealth, and divided hearts",1 Kings 14-15,Re-read your favorite verse from this week and sit with it,How can you carry one verse from today into a real moment this week?
208,30,"Wisdom, wealth, and divided hearts",1 Kings 16-18,Psalms 87,What does honest prayer about this look like for you today?
209,30,"Wisdom, wealth, and divided hearts",1 Kings 19-21,Re-read your favorite verse from this week and sit with it,Where have you seen this truth show up in your own story?
210,30,"Wisdom, wealth, and divided hearts","1 Kings 22, 2 Kings 1-2",Psalms 88,What's the invitation here — and what's holding you back from saying yes?
211,31,Consequences and God's patience,2 Kings 3-5,Re-read your favorite verse from this week and sit with it,"Where in your real, everyday life does today's reading actually touch down?"
212,31,Consequences and God's patience,2 Kings 6-7,Psalms 89,What's one thing God might be inviting you to do differently this week?
213,31,Consequences and God's patience,2 Kings 8-10,Re-read your favorite verse from this week and sit with it,"If a friend who's never read the Bible asked what this means, how would you say it simply?"
214,31,Consequences and God's patience,2 Kings 11-13,Psalms 90,What does this show you about who God is — and who you are to Him?
215,31,Consequences and God's patience,2 Kings 14-16,Re-read your favorite verse from this week and sit with it,Where do you need grace today instead of trying to earn it?
216,31,Consequences and God's patience,2 Kings 17-18,Proverbs 18,"What's one small, doable step you can take today because of what you read?"
217,31,Consequences and God's patience,2 Kings 19-21,Re-read your favorite verse from this week and sit with it,What feeling or fear does this passage speak to right now?
218,32,Worship and God's covenant,2 Kings 22-24,Psalms 91,Who in your life needs the encouragement this passage gave you?
219,32,Worship and God's covenant,"2 Kings 25, 1 Chronicles 1-2",Re-read your favorite verse from this week and sit with it,What would change if you actually believed this today?
220,32,Worship and God's covenant,1 Chronicles 3-5,Psalms 92,Where is God asking for your trust in something you can't control?
221,32,Worship and God's covenant,1 Chronicles 6-7,Re-read your favorite verse from this week and sit with it,What habit or mindset is this passage gently challenging?
222,32,Worship and God's covenant,1 Chronicles 8-10,Psalms 93,How can you carry one verse from today into a real moment this week?
223,32,Worship and God's covenant,1 Chronicles 11-13,Re-read your favorite verse from this week and sit with it,What does honest prayer about this look like for you today?
224,32,Worship and God's covenant,1 Chronicles 14-16,Psalms 94,Where have you seen this truth show up in your own story?
225,33,Worship and God's covenant,1 Chronicles 17-19,Re-read your favorite verse from this week and sit with it,What's the invitation here — and what's holding you back from saying yes?
226,33,Worship and God's covenant,1 Chronicles 20-21,Psalms 95,"Where in your real, everyday life does today's reading actually touch down?"
227,33,Worship and God's covenant,1 Chronicles 22-24,Re-read your favorite verse from this week and sit with it,What's one thing God might be inviting you to do differently this week?
228,33,Worship and God's covenant,1 Chronicles 25-27,Proverbs 19,"If a friend who's never read the Bible asked what this means, how would you say it simply?"
229,33,Worship and God's covenant,"1 Chronicles 28-29, 2 Chronicles 1",Re-read your favorite verse from this week and sit with it,What does this show you about who God is — and who you are to Him?
230,33,Worship and God's covenant,2 Chronicles 2-4,Psalms 96,Where do you need grace today instead of trying to earn it?
231,33,Worship and God's covenant,2 Chronicles 5-6,Re-read your favorite verse from this week and sit with it,"What's one small, doable step you can take today because of what you read?"
232,34,Revival and returning to God,2 Chronicles 7-9,Psalms 97,What feeling or fear does this passage speak to right now?
233,34,Revival and returning to God,2 Chronicles 10-12,Re-read your favorite verse from this week and sit with it,Who in your life needs the encouragement this passage gave you?
234,34,Revival and returning to God,2 Chronicles 13-15,Psalms 98,What would change if you actually believed this today?
235,34,Revival and returning to God,2 Chronicles 16-18,Re-read your favorite verse from this week and sit with it,Where is God asking for your trust in something you can't control?
236,34,Revival and returning to God,2 Chronicles 19-20,Psalms 99,What habit or mindset is this passage gently challenging?
237,34,Revival and returning to God,2 Chronicles 21-23,Re-read your favorite verse from this week and sit with it,How can you carry one verse from today into a real moment this week?
238,34,Revival and returning to God,2 Chronicles 24-26,Psalms 100,What does honest prayer about this look like for you today?
239,35,Revival and returning to God,2 Chronicles 27-29,Re-read your favorite verse from this week and sit with it,Where have you seen this truth show up in your own story?
240,35,Revival and returning to God,2 Chronicles 30-31,Proverbs 20,What's the invitation here — and what's holding you back from saying yes?
241,35,Revival and returning to God,2 Chronicles 32-34,Re-read your favorite verse from this week and sit with it,"Where in your real, everyday life does today's reading actually touch down?"
242,35,Revival and returning to God,"2 Chronicles 35-36, Ezra 1",Psalms 101,What's one thing God might be inviting you to do differently this week?
243,35,Revival and returning to God,Ezra 2-4,Re-read your favorite verse from this week and sit with it,"If a friend who's never read the Bible asked what this means, how would you say it simply?"
244,35,Revival and returning to God,Ezra 5-7,Re-read your favorite verse from this week and sit with it,What does this show you about who God is — and who you are to Him?
245,35,Revival and returning to God,Ezra 8-9,Psalms 102,Where do you need grace today instead of trying to earn it?
246,36,"Vision, prayer, and hard work","Ezra 10, Nehemiah 1-2",Re-read your favorite verse from this week and sit with it,"What's one small, doable step you can take today because of what you read?"
247,36,"Vision, prayer, and hard work",Nehemiah 3-5,Psalms 103,What feeling or fear does this passage speak to right now?
248,36,"Vision, prayer, and hard work",Nehemiah 6-8,Re-read your favorite verse from this week and sit with it,Who in your life needs the encouragement this passage gave you?
249,36,"Vision, prayer, and hard work",Nehemiah 9-11,Psalms 104,What would change if you actually believed this today?
250,36,"Vision, prayer, and hard work",Nehemiah 12-13,Re-read your favorite verse from this week and sit with it,Where is God asking for your trust in something you can't control?
251,36,"Vision, prayer, and hard work",Esther 1-3,Psalms 105,What habit or mindset is this passage gently challenging?
252,36,"Vision, prayer, and hard work",Esther 4-6,Re-read your favorite verse from this week and sit with it,How can you carry one verse from today into a real moment this week?
253,37,Faith through suffering and unanswered questions,Esther 7-9,Proverbs 21,What does honest prayer about this look like for you today?
254,37,Faith through suffering and unanswered questions,"Esther 10, Job 1-2",Re-read your favorite verse from this week and sit with it,Where have you seen this truth show up in your own story?
255,37,Faith through suffering and unanswered questions,Job 3-4,Psalms 106,What's the invitation here — and what's holding you back from saying yes?
256,37,Faith through suffering and unanswered questions,Job 5-7,Re-read your favorite verse from this week and sit with it,"Where in your real, everyday life does today's reading actually touch down?"
257,37,Faith through suffering and unanswered questions,Job 8-10,Psalms 107,What's one thing God might be inviting you to do differently this week?
258,37,Faith through suffering and unanswered questions,Job 11-13,Re-read your favorite verse from this week and sit with it,"If a friend who's never read the Bible asked what this means, how would you say it simply?"
259,37,Faith through suffering and unanswered questions,Job 14-16,Psalms 108,What does this show you about who God is — and who you are to Him?
260,38,Faith through suffering and unanswered questions,Job 17-18,Re-read your favorite verse from this week and sit with it,Where do you need grace today instead of trying to earn it?
261,38,Faith through suffering and unanswered questions,Job 19-21,Psalms 109,"What's one small, doable step you can take today because of what you read?"
262,38,Faith through suffering and unanswered questions,Job 22-24,Re-read your favorite verse from this week and sit with it,What feeling or fear does this passage speak to right now?
263,38,Faith through suffering and unanswered questions,Job 25-27,Psalms 110,Who in your life needs the encouragement this passage gave you?
264,38,Faith through suffering and unanswered questions,Job 28-30,Re-read your favorite verse from this week and sit with it,What would change if you actually believed this today?
265,38,Faith through suffering and unanswered questions,Job 31-32,Proverbs 22,Where is God asking for your trust in something you can't control?
266,38,Faith through suffering and unanswered questions,Job 33-35,Re-read your favorite verse from this week and sit with it,What habit or mindset is this passage gently challenging?
267,39,"Chasing meaning, finding God",Job 36-38,Psalms 111,How can you carry one verse from today into a real moment this week?
268,39,"Chasing meaning, finding God",Job 39-41,Re-read your favorite verse from this week and sit with it,What does honest prayer about this look like for you today?
269,39,"Chasing meaning, finding God","Job 42, Ecclesiastes 1",Psalms 112,Where have you seen this truth show up in your own story?
270,39,"Chasing meaning, finding God",Ecclesiastes 2-4,Re-read your favorite verse from this week and sit with it,What's the invitation here — and what's holding you back from saying yes?
271,39,"Chasing meaning, finding God",Ecclesiastes 5-7,Psalms 113,"Where in your real, everyday life does today's reading actually touch down?"
272,39,"Chasing meaning, finding God",Ecclesiastes 8-10,Re-read your favorite verse from this week and sit with it,What's one thing God might be inviting you to do differently this week?
273,39,"Chasing meaning, finding God","Ecclesiastes 11-12, Song of Solomon 1",Psalms 114,"If a friend who's never read the Bible asked what this means, how would you say it simply?"
274,40,Judgment and a coming Savior,Song of Solomon 2-3,Re-read your favorite verse from this week and sit with it,What does this show you about who God is — and who you are to Him?
275,40,Judgment and a coming Savior,Song of Solomon 4-6,Psalms 115,Where do you need grace today instead of trying to earn it?
276,40,Judgment and a coming Savior,"Song of Solomon 7-8, Isaiah 1",Re-read your favorite verse from this week and sit with it,"What's one small, doable step you can take today because of what you read?"
277,40,Judgment and a coming Savior,Isaiah 2-4,Proverbs 23,What feeling or fear does this passage speak to right now?
278,40,Judgment and a coming Savior,Isaiah 5-7,Re-read your favorite verse from this week and sit with it,Who in your life needs the encouragement this passage gave you?
279,40,Judgment and a coming Savior,Isaiah 8-9,Psalms 116,What would change if you actually believed this today?
280,40,Judgment and a coming Savior,Isaiah 10-12,Re-read your favorite verse from this week and sit with it,Where is God asking for your trust in something you can't control?
281,41,Judgment and a coming Savior,Isaiah 13-15,Psalms 117,What habit or mindset is this passage gently challenging?
282,41,Judgment and a coming Savior,Isaiah 16-18,Re-read your favorite verse from this week and sit with it,How can you carry one verse from today into a real moment this week?
283,41,Judgment and a coming Savior,Isaiah 19-21,Psalms 118,What does honest prayer about this look like for you today?
284,41,Judgment and a coming Savior,Isaiah 22-23,Re-read your favorite verse from this week and sit with it,Where have you seen this truth show up in your own story?
285,41,Judgment and a coming Savior,Isaiah 24-26,Psalms 119,What's the invitation here — and what's holding you back from saying yes?
286,41,Judgment and a coming Savior,Isaiah 27-29,Re-read your favorite verse from this week and sit with it,"Where in your real, everyday life does today's reading actually touch down?"
287,41,Judgment and a coming Savior,Isaiah 30-32,Psalms 120,What's one thing God might be inviting you to do differently this week?
288,42,Judgment and a coming Savior,Isaiah 33-35,Re-read your favorite verse from this week and sit with it,"If a friend who's never read the Bible asked what this means, how would you say it simply?"
289,42,Judgment and a coming Savior,Isaiah 36-37,Proverbs 24,What does this show you about who God is — and who you are to Him?
290,42,Judgment and a coming Savior,Isaiah 38-40,Re-read your favorite verse from this week and sit with it,Where do you need grace today instead of trying to earn it?
291,42,Judgment and a coming Savior,Isaiah 41-43,Psalms 121,"What's one small, doable step you can take today because of what you read?"
292,42,Judgment and a coming Savior,Isaiah 44-46,Re-read your favorite verse from this week and sit with it,What feeling or fear does this passage speak to right now?
293,42,Judgment and a coming Savior,Isaiah 47-48,Psalms 122,Who in your life needs the encouragement this passage gave you?
294,42,Judgment and a coming Savior,Isaiah 49-51,Re-read your favorite verse from this week and sit with it,What would change if you actually believed this today?
295,43,Judgment and a coming Savior,Isaiah 52-54,Psalms 123,Where is God asking for your trust in something you can't control?
296,43,Judgment and a coming Savior,Isaiah 55-57,Re-read your favorite verse from this week and sit with it,What habit or mindset is this passage gently challenging?
297,43,Judgment and a coming Savior,Isaiah 58-60,Psalms 124,How can you carry one verse from today into a real moment this week?
298,43,Judgment and a coming Savior,Isaiah 61-62,Re-read your favorite verse from this week and sit with it,What does honest prayer about this look like for you today?
299,43,Judgment and a coming Savior,Isaiah 63-65,Psalms 125,Where have you seen this truth show up in your own story?
300,43,Judgment and a coming Savior,"Isaiah 66, Jeremiah 1-2",Re-read your favorite verse from this week and sit with it,What's the invitation here — and what's holding you back from saying yes?
301,43,Judgment and a coming Savior,Jeremiah 3-5,Proverbs 25,"Where in your real, everyday life does today's reading actually touch down?"
302,44,Faithful obedience when it's hard,Jeremiah 6-8,Re-read your favorite verse from this week and sit with it,What's one thing God might be inviting you to do differently this week?
303,44,Faithful obedience when it's hard,Jeremiah 9-10,Psalms 126,"If a friend who's never read the Bible asked what this means, how would you say it simply?"
304,44,Faithful obedience when it's hard,Jeremiah 11-13,Re-read your favorite verse from this week and sit with it,What does this show you about who God is — and who you are to Him?
305,44,Faithful obedience when it's hard,Jeremiah 14-16,Psalms 127,Where do you need grace today instead of trying to earn it?
306,44,Faithful obedience when it's hard,Jeremiah 17-19,Re-read your favorite verse from this week and sit with it,"What's one small, doable step you can take today because of what you read?"
307,44,Faithful obedience when it's hard,Jeremiah 20-22,Psalms 128,What feeling or fear does this passage speak to right now?
308,44,Faithful obedience when it's hard,Jeremiah 23-24,Re-read your favorite verse from this week and sit with it,Who in your life needs the encouragement this passage gave you?
309,45,Faithful obedience when it's hard,Jeremiah 25-27,Psalms 129,What would change if you actually believed this today?
310,45,Faithful obedience when it's hard,Jeremiah 28-30,Re-read your favorite verse from this week and sit with it,Where is God asking for your trust in something you can't control?
311,45,Faithful obedience when it's hard,Jeremiah 31-33,Psalms 130,What habit or mindset is this passage gently challenging?
312,45,Faithful obedience when it's hard,Jeremiah 34-36,Re-read your favorite verse from this week and sit with it,How can you carry one verse from today into a real moment this week?
313,45,Faithful obedience when it's hard,Jeremiah 37-38,Proverbs 26,What does honest prayer about this look like for you today?
314,45,Faithful obedience when it's hard,Jeremiah 39-41,Re-read your favorite verse from this week and sit with it,Where have you seen this truth show up in your own story?
315,45,Faithful obedience when it's hard,Jeremiah 42-44,Psalms 131,What's the invitation here — and what's holding you back from saying yes?
316,46,Faithful obedience when it's hard,Jeremiah 45-47,Re-read your favorite verse from this week and sit with it,"Where in your real, everyday life does today's reading actually touch down?"
317,46,Faithful obedience when it's hard,Jeremiah 48-49,Psalms 132,What's one thing God might be inviting you to do differently this week?
318,46,Faithful obedience when it's hard,Jeremiah 50-52,Re-read your favorite verse from this week and sit with it,"If a friend who's never read the Bible asked what this means, how would you say it simply?"
319,46,Faithful obedience when it's hard,Lamentations 1-3,Psalms 133,What does this show you about who God is — and who you are to Him?
320,46,Faithful obedience when it's hard,"Lamentations 4-5, Ezekiel 1",Re-read your favorite verse from this week and sit with it,Where do you need grace today instead of trying to earn it?
321,46,Faithful obedience when it's hard,Ezekiel 2-4,Psalms 134,"What's one small, doable step you can take today because of what you read?"
322,46,Faithful obedience when it's hard,Ezekiel 5-6,Re-read your favorite verse from this week and sit with it,What feeling or fear does this passage speak to right now?
323,47,God's glory and a new heart,Ezekiel 7-9,Psalms 135,Who in your life needs the encouragement this passage gave you?
324,47,God's glory and a new heart,Ezekiel 10-12,Re-read your favorite verse from this week and sit with it,What would change if you actually believed this today?
325,47,God's glory and a new heart,Ezekiel 13-15,Proverbs 27,Where is God asking for your trust in something you can't control?
326,47,God's glory and a new heart,Ezekiel 16-18,Re-read your favorite verse from this week and sit with it,What habit or mindset is this passage gently challenging?
327,47,God's glory and a new heart,Ezekiel 19-20,Psalms 136,How can you carry one verse from today into a real moment this week?
328,47,God's glory and a new heart,Ezekiel 21-23,Re-read your favorite verse from this week and sit with it,What does honest prayer about this look like for you today?
329,47,God's glory and a new heart,Ezekiel 24-26,Psalms 137,Where have you seen this truth show up in your own story?
330,48,God's glory and a new heart,Ezekiel 27-29,Re-read your favorite verse from this week and sit with it,What's the invitation here — and what's holding you back from saying yes?
331,48,God's glory and a new heart,Ezekiel 30-32,Psalms 138,"Where in your real, everyday life does today's reading actually touch down?"
332,48,God's glory and a new heart,Ezekiel 33-34,Re-read your favorite verse from this week and sit with it,What's one thing God might be inviting you to do differently this week?
333,48,God's glory and a new heart,Ezekiel 35-37,Psalms 139,"If a friend who's never read the Bible asked what this means, how would you say it simply?"
334,48,God's glory and a new heart,Ezekiel 38-40,Re-read your favorite verse from this week and sit with it,What does this show you about who God is — and who you are to Him?
335,48,God's glory and a new heart,Ezekiel 41-43,Psalms 140,Where do you need grace today instead of trying to earn it?
336,48,God's glory and a new heart,Ezekiel 44-46,Re-read your favorite verse from this week and sit with it,"What's one small, doable step you can take today because of what you read?"
337,49,Faithful in a foreign culture,Ezekiel 47-48,Proverbs 28,What feeling or fear does this passage speak to right now?
338,49,Faithful in a foreign culture,Daniel 1-3,Re-read your favorite verse from this week and sit with it,Who in your life needs the encouragement this passage gave you?
339,49,Faithful in a foreign culture,Daniel 4-6,Psalms 141,What would change if you actually believed this today?
340,49,Faithful in a foreign culture,Daniel 7-9,Re-read your favorite verse from this week and sit with it,Where is God asking for your trust in something you can't control?
341,49,Faithful in a foreign culture,Daniel 10-11,Psalms 142,What habit or mindset is this passage gently challenging?
342,49,Faithful in a foreign culture,"Daniel 12, Hosea 1-2",Re-read your favorite verse from this week and sit with it,How can you carry one verse from today into a real moment this week?
343,49,Faithful in a foreign culture,Hosea 3-5,Psalms 143,What does honest prayer about this look like for you today?
344,50,"Relentless, pursuing love",Hosea 6-8,Re-read your favorite verse from this week and sit with it,Where have you seen this truth show up in your own story?
345,50,"Relentless, pursuing love",Hosea 9-11,Psalms 144,What's the invitation here — and what's holding you back from saying yes?
346,50,"Relentless, pursuing love",Hosea 12-13,Re-read your favorite verse from this week and sit with it,"Where in your real, everyday life does today's reading actually touch down?"
347,50,"Relentless, pursuing love","Hosea 14, Joel 1-2",Psalms 145,What's one thing God might be inviting you to do differently this week?
348,50,"Relentless, pursuing love","Joel 3, Amos 1-2",Re-read your favorite verse from this week and sit with it,"If a friend who's never read the Bible asked what this means, how would you say it simply?"
349,50,"Relentless, pursuing love",Amos 3-5,Proverbs 29,What does this show you about who God is — and who you are to Him?
350,50,"Relentless, pursuing love",Amos 6-8,Re-read your favorite verse from this week and sit with it,Where do you need grace today instead of trying to earn it?
351,51,"Do justice, love mercy, walk humbly","Amos 9, Obadiah 1",Psalms 146,"What's one small, doable step you can take today because of what you read?"
352,51,"Do justice, love mercy, walk humbly",Jonah 1-3,Re-read your favorite verse from this week and sit with it,What feeling or fear does this passage speak to right now?
353,51,"Do justice, love mercy, walk humbly","Jonah 4, Micah 1-2",Psalms 147,Who in your life needs the encouragement this passage gave you?
354,51,"Do justice, love mercy, walk humbly",Micah 3-5,Re-read your favorite verse from this week and sit with it,What would change if you actually believed this today?
355,51,"Do justice, love mercy, walk humbly","Micah 6-7, Nahum 1",Psalms 148,Where is God asking for your trust in something you can't control?
356,51,"Do justice, love mercy, walk humbly",Nahum 2-3,Re-read your favorite verse from this week and sit with it,What habit or mindset is this passage gently challenging?
357,51,"Do justice, love mercy, walk humbly",Habakkuk 1-3,Psalms 149,How can you carry one verse from today into a real moment this week?
358,52,Hope and the coming King,Zephaniah 1-3,Re-read your favorite verse from this week and sit with it,What does honest prayer about this look like for you today?
359,52,Hope and the coming King,"Haggai 1-2, Zechariah 1",Psalms 150,Where have you seen this truth show up in your own story?
360,52,Hope and the coming King,Zechariah 2-4,Re-read your favorite verse from this week and sit with it,What's the invitation here — and what's holding you back from saying yes?
361,52,Hope and the coming King,Zechariah 5-6,Proverbs 30,"Where in your real, everyday life does today's reading actually touch down?"
362,52,Hope and the coming King,Zechariah 7-9,Re-read your favorite verse from this week and sit with it,What's one thing God might be inviting you to do differently this week?
363,52,Hope and the coming King,Zechariah 10-12,Proverbs 31,"If a friend who's never read the Bible asked what this means, how would you say it simply?"
364,52,Hope and the coming King,"Zechariah 13-14, Malachi 1",Re-read your favorite verse from this week and sit with it,What does this show you about who God is — and who you are to Him?
365,53,Returning your whole heart,Malachi 2-4,Re-read your favorite verse from this week and sit with it,Where do you need grace today instead of trying to earn it?
